Tools,Port 0x0A: NDI 080051  s/n:3A997400 Channel:0,Frame,Time [sec],Face,State,Angle,Latitude,Longitude,Spin,Tx,Ty,Tz,Error,Markers
1,Port 0x0A: NDI 080051  s/n:3A997400 Channel:0,214310,669.166,1,OK,88.1189261,85.5411695,175.9588414,0.0000000,152.629,6.857,-306.398,0.0000000,0
1,Port 0x0A: NDI 080051  s/n:3A997400 Channel:0,214350,669.291,1,OK,NaN,85.7718015,175.6407047,0.0000000,151.439,7.019,-306.444,0.0000000,0
1,Port 0x0A: NDI 080051  s/n:3A997400 Channel:0,214358,669.316,1,OK,NaN,85.8485126,175.4902495,0.0000000,150.169,8.023,-306.642,0.0000000,0
1,Port 0x0A: NDI 080051  s/n:3A997400 Channel:0,214366,669.341,1,OK,NaN,86.0088308,175.2112634,-0.0000000,149.989,8.254,-306.514,0.0000000,0
1,Port 0x0A: NDI 080051  s/n:3A997400 Channel:0,214374,669.366,1,OK,NaN,85.8314803,175.2112908,0.0000000,149.669,8.665,-306.934,0.0000000,0
1,Port 0x0A: NDI 080051  s/n:3A997400 Channel:0,214382,669.391,1,OK,NaN,85.9146558,175.1238101,-0.0000000,149.799,8.672,-306.798,0.0000000,0
1,Port 0x0A: NDI 080051  s/n:3A997400 Channel:0,214390,669.416,1,OK,NaN,85.9074802,174.9658143,0.0000000,148.934,9.491,-307.083,0.0000000,0
1,Port 0x0A: NDI 080051  s/n:3A997400 Channel:0,214398,669.441,1,OK,NaN,86.0915855,174.6118187,0.0000000,148.506,11.318,-306.797,0.0000000,0
1,Port 0x0A: NDI 080051  s/n:3A997400 Channel:0,214406,669.466,1,OK,NaN,86.0003930,174.5782419,0.0000000,147.844,11.193,-307.384,0.0000000,0
1,Port 0x0A: NDI 080051  s/n:3A997400 Channel:0,214414,669.491,1,OK,NaN,86.2218130,174.6833723,0.0000000,148.129,11.321,-307.081,0.0000000,0
1,Port 0x0A: NDI 080051  s/n:3A997400 Channel:0,214422,669.516,1,OK,NaN,86.1534612,174.7069635,0.0000000,147.533,11.037,-307.225,0.0000000,0
1,Port 0x0A: NDI 080051  s/n:3A997400 Channel:0,214430,669.541,1,OK,NaN,86.3118139,174.5452379,-0.0000000,147.488,11.089,-306.874,0.0000000,0
1,Port 0x0A: NDI 080051  s/n:3A997400 Channel:0,214438,669.566,1,OK,NaN,86.1279927,174.6146602,-0.0000000,146.745,11.556,-307.072,0.0000000,0
1,Port 0x0A: NDI 080051  s/n:3A997400 Channel:0,214446,669.591,1,OK,NaN,86.2038704,174.7077424,-0.0000000,146.894,10.856,-306.911,0.0000000,0
1,Port 0x0A: NDI 080051  s/n:3A997400 Channel:0,214454,669.616,1,OK,NaN,86.2153195,174.8754774,-0.0000000,146.716,10.475,-306.859,0.0000000,0
1,Port 0x0A: NDI 080051  s/n:3A997400 Channel:0,214462,669.641,1,OK,NaN,86.1968415,174.6505734,0.0000000,146.328,10.499,-306.357,0.0000000,0
1,Port 0x0A: NDI 080051  s/n:3A997400 Channel:0,214470,669.666,1,OK,NaN,86.2118789,174.6600809,0.0000000,147.129,10.899,-306.659,0.0000000,0
1,Port 0x0A: NDI 080051  s/n:3A997400 Channel:0,214478,669.691,1,OK,NaN,86.2061654,174.6946009,0.0000000,146.842,10.969,-306.653,0.0000000,0
1,Port 0x0A: NDI 080051  s/n:3A997400 Channel:0,214486,669.716,1,OK,NaN,86.1882176,174.6991903,0.0000000,146.518,10.869,-306.540,0.0000000,0
1,Port 0x0A: NDI 080051  s/n:3A997400 Channel:0,214494,669.741,1,OK,NaN,86.1820366,174.7001195,0.0000000,146.264,10.765,-306.486,0.0000000,0
1,Port 0x0A: NDI 080051  s/n:3A997400 Channel:0,214502,669.766,1,OK,NaN,86.1300105,174.7552257,0.0000000,145.868,10.935,-306.429,0.0000000,0
1,Port 0x0A: NDI 080051  s/n:3A997400 Channel:0,214510,669.791,1,OK,NaN,86.1059635,174.8084325,0.0000000,145.646,10.895,-306.367,0.0000000,0
1,Port 0x0A: NDI 080051  s/n:3A997400 Channel:0,214518,669.816,1,OK,NaN,85.8860981,175.0830609,0.0000000,144.432,9.870,-306.431,0.0000000,0
1,Port 0x0A: NDI 080051  s/n:3A997400 Channel:0,214526,669.841,1,OK,NaN,86.0847027,174.8382808,0.0000000,145.154,10.385,-306.135,0.0000000,0
1,Port 0x0A: NDI 080051  s/n:3A997400 Channel:0,214534,669.866,1,OK,NaN,86.0560707,174.8876627,0.0000000,144.786,10.406,-306.047,0.0000000,0
1,Port 0x0A: NDI 080051  s/n:3A997400 Channel:0,214542,669.891,1,OK,NaN,85.9743627,175.1875902,0.0000000,142.981,8.902,-306.219,0.0000000,0
1,Port 0x0A: NDI 080051  s/n:3A997400 Channel:0,214550,669.916,1,OK,NaN,85.9821172,175.2650038,0.0000000,142.819,8.927,-306.492,0.0000000,0
1,Port 0x0A: NDI 080051  s/n:3A997400 Channel:0,214558,669.941,1,OK,NaN,85.9275374,174.9667294,-0.0000000,142.097,8.847,-305.940,0.0000000,0
1,Port 0x0A: NDI 080051  s/n:3A997400 Channel:0,214566,669.966,1,OK,NaN,85.8101506,174.9057491,-0.0000000,141.537,8.916,-306.218,0.0000000,0
1,Port 0x0A: NDI 080051  s/n:3A997400 Channel:0,214574,669.990,1,OK,NaN,85.8125046,174.8454251,0.0000000,141.382,7.268,-305.823,0.0000000,0
1,Port 0x0A: NDI 080051  s/n:3A997400 Channel:0,214582,670.015,1,OK,NaN,85.7186523,174.9128394,0.0000000,140.940,7.402,-306.027,0.0000000,0
1,Port 0x0A: NDI 080051  s/n:3A997400 Channel:0,214590,670.040,1,OK,NaN,85.6583092,174.8609161,0.0000000,140.345,5.721,-306.048,0.0000000,0
1,Port 0x0A: NDI 080051  s/n:3A997400 Channel:0,214598,670.065,1,OK,NaN,85.7334334,174.7967942,0.0000000,140.014,5.730,-305.730,0.0000000,0
1,Port 0x0A: NDI 080051  s/n:3A997400 Channel:0,214606,670.090,1,OK,NaN,85.6288382,174.5573828,0.0000000,139.151,5.075,-305.387,0.0000000,0
1,Port 0x0A: NDI 080051  s/n:3A997400 Channel:0,214614,670.115,1,OK,NaN,85.6741524,174.7636404,-0.0000000,138.857,3.935,-305.192,0.0000000,0
1,Port 0x0A: NDI 080051  s/n:3A997400 Channel:0,214622,670.140,1,OK,NaN,85.6771398,174.7218260,0.0000000,138.216,3.466,-304.481,0.0000000,0
1,Port 0x0A: NDI 080051  s/n:3A997400 Channel:0,214630,670.165,1,OK,NaN,85.6197500,174.5344329,0.0000000,137.359,2.953,-303.990,0.0000000,0
1,Port 0x0A: NDI 080051  s/n:3A997400 Channel:0,214638,670.190,1,OK,NaN,85.6655236,174.4791631,-0.0000000,136.082,3.006,-303.483,0.0000000,0
1,Port 0x0A: NDI 080051  s/n:3A997400 Channel:0,214646,670.215,1,OK,NaN,85.7283633,174.4482634,0.0000000,134.978,3.292,-303.214,0.0000000,0
1,Port 0x0A: NDI 080051  s/n:3A997400 Channel:0,214654,670.240,1,OK,NaN,85.6861796,174.4474303,0.0000000,133.754,2.176,-302.970,0.0000000,0
1,Port 0x0A: NDI 080051  s/n:3A997400 Channel:0,214662,670.265,1,OK,NaN,85.8566218,174.6874701,0.0000000,133.024,1.667,-302.911,0.0000000,0
1,Port 0x0A: NDI 080051  s/n:3A997400 Channel:0,214670,670.290,1,OK,NaN,85.8543950,174.5085468,-0.0000000,131.593,2.132,-302.363,0.0000000,0
1,Port 0x0A: NDI 080051  s/n:3A997400 Channel:0,214678,670.315,1,OK,NaN,85.7879839,174.4346851,-0.0000000,130.030,2.144,-302.403,0.0000000,0
1,Port 0x0A: NDI 080051  s/n:3A997400 Channel:0,214686,670.340,1,OK,NaN,85.9789678,174.4640000,0.0000000,128.780,2.427,-302.321,0.0000000,0
1,Port 0x0A: NDI 080051  s/n:3A997400 Channel:0,214694,670.365,1,OK,NaN,85.9824540,174.3497860,0.0000000,126.720,3.245,-302.245,0.0000000,0
1,Port 0x0A: NDI 080051  s/n:3A997400 Channel:0,214702,670.390,1,OK,NaN,86.0246164,174.2017351,-0.0000000,125.162,3.511,-302.356,0.0000000,0
1,Port 0x0A: NDI 080051  s/n:3A997400 Channel:0,214710,670.415,1,OK,NaN,86.1455063,174.2590942,0.0000000,124.180,3.724,-302.504,0.0000000,0
1,Port 0x0A: NDI 080051  s/n:3A997400 Channel:0,214718,670.440,1,OK,NaN,86.2052504,174.2802543,-0.0000000,122.649,3.942,-302.245,0.0000000,0
1,Port 0x0A: NDI 080051  s/n:3A997400 Channel:0,214726,670.465,1,OK,NaN,86.3611009,174.3051710,0.0000000,121.224,4.610,-302.397,0.0000000,0
1,Port 0x0A: NDI 080051  s/n:3A997400 Channel:0,214734,670.490,1,OK,NaN,86.4713892,174.0830804,-0.0000000,119.737,5.420,-302.684,0.0000000,0
1,Port 0x0A: NDI 080051  s/n:3A997400 Channel:0,214742,670.515,1,OK,NaN,86.5212331,173.8160475,0.0000000,118.128,6.115,-302.671,0.0000000,0
1,Port 0x0A: NDI 080051  s/n:3A997400 Channel:0,214750,670.540,1,OK,NaN,86.5118698,173.9079130,-0.0000000,116.844,5.849,-302.944,0.0000000,0
1,Port 0x0A: NDI 080051  s/n:3A997400 Channel:0,214758,670.565,1,OK,NaN,86.5482243,173.9205078,0.0000000,115.873,5.739,-303.072,0.0000000,0
1,Port 0x0A: NDI 080051  s/n:3A997400 Channel:0,214766,670.590,1,OK,NaN,86.5091024,173.9128039,0.0000000,114.318,5.714,-303.238,0.0000000,0
1,Port 0x0A: NDI 080051  s/n:3A997400 Channel:0,214774,670.615,1,OK,NaN,86.7000594,173.9882769,0.0000000,113.285,5.919,-303.229,0.0000000,0
1,Port 0x0A: NDI 080051  s/n:3A997400 Channel:0,214782,670.640,1,OK,NaN,86.7441465,173.9982632,0.0000000,112.067,6.417,-303.167,0.0000000,0
1,Port 0x0A: NDI 080051  s/n:3A997400 Channel:0,214790,670.665,1,OK,NaN,86.7616412,173.9112192,0.0000000,110.935,6.834,-303.174,0.0000000,0
1,Port 0x0A: NDI 080051  s/n:3A997400 Channel:0,214798,670.690,1,OK,NaN,86.7967798,173.9647534,0.0000000,109.893,7.040,-303.313,0.0000000,0
1,Port 0x0A: NDI 080051  s/n:3A997400 Channel:0,214806,670.715,1,OK,NaN,86.9473923,173.8742958,0.0000000,109.273,7.723,-303.454,0.0000000,0
1,Port 0x0A: NDI 080051  s/n:3A997400 Channel:0,214814,670.740,1,OK,NaN,86.9725089,173.9336219,0.0000000,108.083,8.184,-303.434,0.0000000,0
1,Port 0x0A: NDI 080051  s/n:3A997400 Channel:0,214822,670.765,1,OK,NaN,87.0550656,174.0704448,0.0000000,107.112,8.759,-303.675,0.0000000,0
1,Port 0x0A: NDI 080051  s/n:3A997400 Channel:0,214830,670.790,1,OK,NaN,87.1174031,174.0049570,0.0000000,106.127,9.514,-303.312,0.0000000,0
1,Port 0x0A: NDI 080051  s/n:3A997400 Channel:0,214838,670.815,1,OK,NaN,87.1483744,173.9088697,0.0000000,105.131,10.065,-303.370,0.0000000,0
1,Port 0x0A: NDI 080051  s/n:3A997400 Channel:0,214846,670.840,1,OK,NaN,87.1999379,173.9525553,0.0000000,103.984,10.594,-303.330,0.0000000,0
1,Port 0x0A: NDI 080051  s/n:3A997400 Channel:0,214854,670.865,1,OK,NaN,87.2767823,173.9183636,0.0000000,102.998,10.452,-303.227,0.0000000,0
1,Port 0x0A: NDI 080051  s/n:3A997400 Channel:0,214862,670.890,1,OK,NaN,87.3122656,174.0253110,0.0000000,102.112,10.533,-303.516,0.0000000,0
1,Port 0x0A: NDI 080051  s/n:3A997400 Channel:0,214870,670.915,1,OK,NaN,87.3082560,173.9632101,0.0000000,100.889,10.857,-303.180,0.0000000,0
1,Port 0x0A: NDI 080051  s/n:3A997400 Channel:0,214878,670.940,1,OK,NaN,87.3260331,174.0055306,-0.0000000,99.863,10.955,-303.223,0.0000000,0
1,Port 0x0A: NDI 080051  s/n:3A997400 Channel:0,214886,670.965,1,OK,NaN,87.3276564,173.9266149,0.0000000,98.786,11.037,-302.976,0.0000000,0
1,Port 0x0A: NDI 080051  s/n:3A997400 Channel:0,214894,670.990,1,OK,NaN,87.3008023,173.9479656,0.0000000,97.711,10.830,-303.035,0.0000000,0
1,Port 0x0A: NDI 080051  s/n:3A997400 Channel:0,214902,671.015,1,OK,NaN,87.3325055,173.8817674,-0.0000000,96.868,10.774,-302.892,0.0000000,0
1,Port 0x0A: NDI 080051  s/n:3A997400 Channel:0,214910,671.040,1,OK,NaN,87.3075701,173.8642683,0.0000000,95.632,10.659,-302.937,0.0000000,0
1,Port 0x0A: NDI 080051  s/n:3A997400 Channel:0,214918,671.065,1,OK,NaN,87.3548685,173.7895876,0.0000000,94.350,10.323,-302.673,0.0000000,0
1,Port 0x0A: NDI 080051  s/n:3A997400 Channel:0,214926,671.090,1,OK,NaN,87.3497147,173.9104678,-0.0000000,93.091,10.428,-302.543,0.0000000,0
1,Port 0x0A: NDI 080051  s/n:3A997400 Channel:0,214934,671.115,1,OK,NaN,87.3625047,173.8962748,0.0000000,92.302,10.539,-302.076,0.0000000,0
1,Port 0x0A: NDI 080051  s/n:3A997400 Channel:0,214942,671.140,1,OK,NaN,87.2685648,173.9057688,0.0000000,90.976,10.269,-301.961,0.0000000,0
1,Port 0x0A: NDI 080051  s/n:3A997400 Channel:0,214950,671.165,1,OK,NaN,87.3724929,173.6757140,0.0000000,89.847,11.080,-301.837,0.0000000,0
1,Port 0x0A: NDI 080051  s/n:3A997400 Channel:0,214958,671.190,1,OK,NaN,87.3724297,173.7698205,-0.0000000,88.702,11.219,-301.728,0.0000000,0
1,Port 0x0A: NDI 080051  s/n:3A997400 Channel:0,214966,671.214,1,OK,NaN,87.4789344,173.8057883,-0.0000000,87.718,10.934,-301.715,0.0000000,0
1,Port 0x0A: NDI 080051  s/n:3A997400 Channel:0,214974,671.239,1,OK,NaN,87.5146947,173.8086983,0.0000000,86.405,11.196,-301.623,0.0000000,0
1,Port 0x0A: NDI 080051  s/n:3A997400 Channel:0,214982,671.264,1,OK,NaN,87.5648290,173.6716704,0.0000000,85.263,11.005,-301.518,0.0000000,0
1,Port 0x0A: NDI 080051  s/n:3A997400 Channel:0,214990,671.289,1,OK,NaN,87.6267830,173.6485704,-0.0000000,84.186,11.227,-301.775,0.0000000,0
1,Port 0x0A: NDI 080051  s/n:3A997400 Channel:0,214998,671.314,1,OK,NaN,87.6297959,173.6501009,-0.0000000,82.919,11.101,-301.615,0.0000000,0
1,Port 0x0A: NDI 080051  s/n:3A997400 Channel:0,215006,671.339,1,OK,NaN,87.7851074,173.7084987,0.0000000,82.287,10.919,-301.779,0.0000000,0
1,Port 0x0A: NDI 080051  s/n:3A997400 Channel:0,215014,671.364,1,OK,NaN,87.8130929,173.5795591,0.0000000,81.244,11.232,-301.673,0.0000000,0
1,Port 0x0A: NDI 080051  s/n:3A997400 Channel:0,215022,671.389,1,OK,NaN,87.8661629,173.4757535,0.0000000,80.437,11.154,-301.773,0.0000000,0
1,Port 0x0A: NDI 080051  s/n:3A997400 Channel:0,215030,671.414,1,OK,NaN,87.9247039,173.2240481,0.0000000,79.613,11.220,-301.575,0.0000000,0
1,Port 0x0A: NDI 080051  s/n:3A997400 Channel:0,215038,671.439,1,OK,NaN,87.9398161,173.0554789,0.0000000,78.773,11.553,-301.518,0.0000000,0
1,Port 0x0A: NDI 080051  s/n:3A997400 Channel:0,215046,671.464,1,OK,NaN,87.9793107,172.8741097,0.0000000,77.913,11.521,-301.163,0.0000000,0
1,Port 0x0A: NDI 080051  s/n:3A997400 Channel:0,215054,671.489,1,OK,NaN,87.9991431,172.9339427,0.0000000,77.393,11.517,-301.258,0.0000000,0
1,Port 0x0A: NDI 080051  s/n:3A997400 Channel:0,215062,671.514,1,OK,NaN,88.0051360,172.8646294,0.0000000,76.563,11.191,-300.923,0.0000000,0
1,Port 0x0A: NDI 080051  s/n:3A997400 Channel:0,215070,671.539,1,OK,NaN,87.9963291,172.8713224,-0.0000000,75.623,10.995,-300.870,0.0000000,0
1,Port 0x0A: NDI 080051  s/n:3A997400 Channel:0,215078,671.564,1,OK,NaN,87.9958172,173.0078177,0.0000000,74.876,10.779,-300.494,0.0000000,0
1,Port 0x0A: NDI 080051  s/n:3A997400 Channel:0,215086,671.589,1,OK,NaN,87.9815223,173.1489154,0.0000000,74.048,10.746,-300.409,0.0000000,0
1,Port 0x0A: NDI 080051  s/n:3A997400 Channel:0,215094,671.614,1,OK,NaN,87.9918846,173.1558686,-0.0000000,73.032,10.452,-300.053,0.0000000,0
1,Port 0x0A: NDI 080051  s/n:3A997400 Channel:0,215102,671.639,1,OK,NaN,88.0107994,173.1004213,0.0000000,71.806,10.620,-299.733,0.0000000,0
1,Port 0x0A: NDI 080051  s/n:3A997400 Channel:0,215110,671.664,1,OK,NaN,88.0734044,172.9640224,0.0000000,70.396,10.721,-299.654,0.0000000,0
1,Port 0x0A: NDI 080051  s/n:3A997400 Channel:0,215118,671.689,1,OK,NaN,88.1506633,172.9563174,0.0000000,69.090,10.764,-299.564,0.0000000,0
1,Port 0x0A: NDI 080051  s/n:3A997400 Channel:0,215126,671.714,1,OK,NaN,88.2147130,172.9850184,0.0000000,67.832,10.342,-299.427,0.0000000,0
1,Port 0x0A: NDI 080051  s/n:3A997400 Channel:0,215134,671.739,1,OK,NaN,88.2959203,172.9471246,-0.0000000,66.744,10.203,-299.397,0.0000000,0
1,Port 0x0A: NDI 080051  s/n:3A997400 Channel:0,215142,671.764,1,OK,NaN,88.3330479,172.7980348,0.0000000,65.505,9.707,-299.016,0.0000000,0
1,Port 0x0A: NDI 080051  s/n:3A997400 Channel:0,215150,671.789,1,OK,NaN,88.3590387,172.6246295,-0.0000000,64.283,9.960,-298.848,0.0000000,0
1,Port 0x0A: NDI 080051  s/n:3A997400 Channel:0,215158,671.814,1,OK,NaN,88.4163664,172.4760597,0.0000000,63.235,9.631,-298.486,0.0000000,0
1,Port 0x0A: NDI 080051  s/n:3A997400 Channel:0,215166,671.839,1,OK,NaN,88.4676139,172.5778155,0.0000000,62.463,9.493,-298.235,0.0000000,0
1,Port 0x0A: NDI 080051  s/n:3A997400 Channel:0,215174,671.864,1,OK,NaN,88.4915121,172.4608284,-0.0000000,61.215,9.500,-297.734,0.0000000,0
1,Port 0x0A: NDI 080051  s/n:3A997400 Channel:0,215182,671.889,1,OK,NaN,88.5682572,172.2500208,-0.0000000,60.028,9.487,-297.472,0.0000000,0
1,Port 0x0A: NDI 080051  s/n:3A997400 Channel:0,215190,671.914,1,OK,NaN,88.6653818,171.8757814,0.0000000,58.806,8.980,-296.889,0.0000000,0
1,Port 0x0A: NDI 080051  s/n:3A997400 Channel:0,215198,671.939,1,OK,NaN,88.6790156,171.8089277,0.0000000,57.742,9.031,-296.577,0.0000000,0
1,Port 0x0A: NDI 080051  s/n:3A997400 Channel:0,215206,671.964,1,OK,NaN,88.7083395,171.8921201,0.0000000,56.619,8.613,-296.278,0.0000000,0
1,Port 0x0A: NDI 080051  s/n:3A997400 Channel:0,215214,671.989,1,OK,NaN,88.7680743,171.6881014,-0.0000000,55.429,8.536,-295.825,0.0000000,0
1,Port 0x0A: NDI 080051  s/n:3A997400 Channel:0,215222,672.014,1,OK,NaN,88.7648884,171.6156343,0.0000000,53.919,8.193,-295.408,0.0000000,0
1,Port 0x0A: NDI 080051  s/n:3A997400 Channel:0,215230,672.039,1,OK,NaN,88.8471863,171.6350581,0.0000000,52.731,7.948,-295.135,0.0000000,0
1,Port 0x0A: NDI 080051  s/n:3A997400 Channel:0,215238,672.064,1,OK,NaN,88.9540128,171.4913382,-0.0000000,51.462,7.989,-294.797,0.0000000,0
1,Port 0x0A: NDI 080051  s/n:3A997400 Channel:0,215246,672.089,1,OK,NaN,89.0375997,171.3232464,0.0000000,50.029,8.213,-294.579,0.0000000,0
1,Port 0x0A: NDI 080051  s/n:3A997400 Channel:0,215254,672.114,1,OK,NaN,89.1744026,170.6507322,0.0000000,48.415,8.769,-293.890,0.0000000,0
1,Port 0x0A: NDI 080051  s/n:3A997400 Channel:0,215262,672.139,1,OK,NaN,89.2367234,169.7906080,0.0000000,46.975,9.798,-293.271,0.0000000,0
1,Port 0x0A: NDI 080051  s/n:3A997400 Channel:0,215270,672.164,1,OK,NaN,89.2378174,169.6429389,0.0000000,46.010,10.657,-293.007,0.0000000,0
1,Port 0x0A: NDI 080051  s/n:3A997400 Channel:0,215278,672.189,1,OK,NaN,89.3121834,169.8330640,-0.0000000,45.685,11.822,-293.087,0.0000000,0
1,Port 0x0A: NDI 080051  s/n:3A997400 Channel:0,215286,672.214,1,OK,NaN,89.3896017,169.3987595,-0.0000000,44.567,12.651,-292.514,0.0000000,0
1,Port 0x0A: NDI 080051  s/n:3A997400 Channel:0,215294,672.239,1,OK,NaN,89.4248220,168.9143484,0.0000000,43.480,13.890,-292.186,0.0000000,0
1,Port 0x0A: NDI 080051  s/n:3A997400 Channel:0,215302,672.264,1,OK,NaN,89.4651536,168.6845395,0.0000000,42.368,14.161,-291.950,0.0000000,0
1,Port 0x0A: NDI 080051  s/n:3A997400 Channel:0,215310,672.289,1,OK,NaN,89.5048344,168.9607528,-0.0000000,41.909,14.969,-292.352,0.0000000,0
1,Port 0x0A: NDI 080051  s/n:3A997400 Channel:0,215318,672.314,1,OK,NaN,89.6051244,168.9231451,-0.0000000,41.257,14.849,-292.163,0.0000000,0
1,Port 0x0A: NDI 080051  s/n:3A997400 Channel:0,215326,672.339,1,OK,NaN,89.6590296,168.8445314,0.0000000,40.848,15.215,-292.174,0.0000000,0
1,Port 0x0A: NDI 080051  s/n:3A997400 Channel:0,215334,672.364,1,OK,NaN,89.6558465,168.9726243,0.0000000,40.246,15.144,-292.238,0.0000000,0
1,Port 0x0A: NDI 080051  s/n:3A997400 Channel:0,215342,672.389,1,OK,NaN,89.6750817,169.1389118,0.0000000,39.898,15.456,-292.437,0.0000000,0
1,Port 0x0A: NDI 080051  s/n:3A997400 Channel:0,215350,672.413,1,OK,NaN,89.7159251,169.0162139,0.0000000,39.265,15.127,-292.196,0.0000000,0
1,Port 0x0A: NDI 080051  s/n:3A997400 Channel:0,215358,672.438,1,OK,NaN,89.7374710,169.0309803,0.0000000,38.672,14.906,-292.158,0.0000000,0
1,Port 0x0A: NDI 080051  s/n:3A997400 Channel:0,215366,672.463,1,OK,NaN,89.7844374,169.0554329,-0.0000000,38.357,14.956,-292.190,0.0000000,0
1,Port 0x0A: NDI 080051  s/n:3A997400 Channel:0,215374,672.488,1,OK,NaN,89.7882711,169.0081684,0.0000000,37.751,14.608,-291.992,0.0000000,0
1,Port 0x0A: NDI 080051  s/n:3A997400 Channel:0,215382,672.513,1,OK,NaN,89.8552292,168.9494691,0.0000000,37.474,14.674,-291.907,0.0000000,0
1,Port 0x0A: NDI 080051  s/n:3A997400 Channel:0,215390,672.538,1,OK,NaN,89.8465750,168.7149621,-0.0000000,36.939,14.526,-291.678,0.0000000,0
1,Port 0x0A: NDI 080051  s/n:3A997400 Channel:0,215398,672.563,1,OK,NaN,89.9156936,168.8583536,0.0000000,37.220,14.655,-292.070,0.0000000,0
1,Port 0x0A: NDI 080051  s/n:3A997400 Channel:0,215406,672.588,1,OK,NaN,89.8950697,168.7962821,0.0000000,36.875,14.444,-291.439,0.0000000,0
1,Port 0x0A: NDI 080051  s/n:3A997400 Channel:0,215414,672.613,1,OK,NaN,89.9257809,168.8316759,0.0000000,36.980,14.359,-291.340,0.0000000,0
1,Port 0x0A: NDI 080051  s/n:3A997400 Channel:0,215422,672.638,1,OK,NaN,89.9201690,168.8410606,0.0000000,36.873,14.697,-291.489,0.0000000,0
1,Port 0x0A: NDI 080051  s/n:3A997400 Channel:0,215430,672.663,1,OK,NaN,89.9837383,168.6733380,-0.0000000,36.910,14.581,-291.428,0.0000000,0
1,Port 0x0A: NDI 080051  s/n:3A997400 Channel:0,215438,672.688,1,OK,NaN,89.9405956,168.7592758,0.0000000,36.866,14.438,-291.304,0.0000000,0
1,Port 0x0A: NDI 080051  s/n:3A997400 Channel:0,215446,672.713,1,OK,NaN,90.0128192,168.6852782,0.0000000,37.160,14.376,-291.098,0.0000000,0
1,Port 0x0A: NDI 080051  s/n:3A997400 Channel:0,215454,672.738,1,OK,NaN,89.9514176,168.7838108,-0.0000000,37.116,14.515,-291.389,0.0000000,0
1,Port 0x0A: NDI 080051  s/n:3A997400 Channel:0,215462,672.763,1,OK,NaN,89.9616843,168.7620619,0.0000000,37.115,14.446,-291.258,0.0000000,0
1,Port 0x0A: NDI 080051  s/n:3A997400 Channel:0,215470,672.788,1,OK,NaN,89.9664432,168.7536891,-0.0000000,37.116,14.348,-291.062,0.0000000,0
1,Port 0x0A: NDI 080051  s/n:3A997400 Channel:0,215478,672.813,1,OK,NaN,89.9726325,168.7392766,0.0000000,37.192,14.330,-290.950,0.0000000,0
1,Port 0x0A: NDI 080051  s/n:3A997400 Channel:0,215486,672.838,1,OK,NaN,89.9309847,168.6582012,0.0000000,37.404,13.967,-290.207,0.0000000,0
1,Port 0x0A: NDI 080051  s/n:3A997400 Channel:0,215494,672.863,1,OK,NaN,90.0036320,168.6835980,-0.0000000,37.832,14.106,-290.510,0.0000000,0
1,Port 0x0A: NDI 080051  s/n:3A997400 Channel:0,215502,672.888,1,OK,NaN,89.9435585,168.7128034,0.0000000,37.780,13.734,-290.319,0.0000000,0
1,Port 0x0A: NDI 080051  s/n:3A997400 Channel:0,215510,672.913,1,OK,NaN,89.9389985,168.6753877,0.0000000,38.028,13.360,-290.179,0.0000000,0
1,Port 0x0A: NDI 080051  s/n:3A997400 Channel:0,215518,672.938,1,OK,NaN,89.8369263,168.8008860,-0.0000000,38.085,13.133,-290.186,0.0000000,0
1,Port 0x0A: NDI 080051  s/n:3A997400 Channel:0,215526,672.963,1,OK,NaN,89.9156006,168.7755185,-0.0000000,38.550,12.940,-290.041,0.0000000,0
1,Port 0x0A: NDI 080051  s/n:3A997400 Channel:0,215534,672.988,1,OK,NaN,89.8528913,168.7432395,0.0000000,38.371,12.885,-289.845,0.0000000,0
1,Port 0x0A: NDI 080051  s/n:3A997400 Channel:0,215542,673.013,1,OK,NaN,89.9250490,168.7125161,-0.0000000,39.076,13.186,-289.950,0.0000000,0
1,Port 0x0A: NDI 080051  s/n:3A997400 Channel:0,215550,673.038,1,OK,NaN,89.8349249,168.6853872,-0.0000000,39.134,12.815,-289.925,0.0000000,0
1,Port 0x0A: NDI 080051  s/n:3A997400 Channel:0,215558,673.063,1,OK,NaN,89.8439524,168.7673213,0.0000000,39.918,12.787,-289.915,0.0000000,0
1,Port 0x0A: NDI 080051  s/n:3A997400 Channel:0,215566,673.088,1,OK,NaN,89.7737566,168.7390313,-0.0000000,40.111,12.627,-289.943,0.0000000,0
1,Port 0x0A: NDI 080051  s/n:3A997400 Channel:0,215574,673.113,1,OK,NaN,89.8105855,168.6847579,0.0000000,40.829,12.836,-290.155,0.0000000,0
1,Port 0x0A: NDI 080051  s/n:3A997400 Channel:0,215582,673.138,1,OK,NaN,89.7399645,168.5547109,-0.0000000,40.928,12.694,-289.986,0.0000000,0
1,Port 0x0A: NDI 080051  s/n:3A997400 Channel:0,215590,673.163,1,OK,NaN,89.7379081,168.5752826,0.0000000,41.587,12.449,-290.010,0.0000000,0
1,Port 0x0A: NDI 080051  s/n:3A997400 Channel:0,215598,673.188,1,OK,NaN,89.6515912,168.6846229,-0.0000000,41.885,12.064,-290.038,0.0000000,0
1,Port 0x0A: NDI 080051  s/n:3A997400 Channel:0,215606,673.213,1,OK,NaN,89.6521496,168.6864376,0.0000000,42.513,11.641,-289.887,0.0000000,0
1,Port 0x0A: NDI 080051  s/n:3A997400 Channel:0,215614,673.238,1,OK,NaN,89.5401928,168.7500131,0.0000000,43.045,11.369,-290.182,0.0000000,0
1,Port 0x0A: NDI 080051  s/n:3A997400 Channel:0,215622,673.263,1,OK,NaN,89.5572644,168.6828462,0.0000000,44.025,10.672,-290.140,0.0000000,0
1,Port 0x0A: NDI 080051  s/n:3A997400 Channel:0,215630,673.288,1,OK,NaN,89.4430308,168.6390381,-0.0000000,44.857,10.700,-290.145,0.0000000,0
1,Port 0x0A: NDI 080051  s/n:3A997400 Channel:0,215638,673.313,1,OK,NaN,89.4235633,168.4553470,0.0000000,46.096,10.674,-289.989,0.0000000,0
1,Port 0x0A: NDI 080051  s/n:3A997400 Channel:0,215646,673.338,1,OK,NaN,89.2867770,168.4494848,0.0000000,46.880,10.302,-290.016,0.0000000,0
1,Port 0x0A: NDI 080051  s/n:3A997400 Channel:0,215654,673.363,1,OK,NaN,89.2449124,168.5397128,-0.0000000,48.189,9.642,-290.196,0.0000000,0
1,Port 0x0A: NDI 080051  s/n:3A997400 Channel:0,215662,673.388,1,OK,NaN,89.1539348,168.5168304,0.0000000,49.126,9.570,-290.105,0.0000000,0
1,Port 0x0A: NDI 080051  s/n:3A997400 Channel:0,215670,673.413,1,OK,NaN,89.0969177,168.4797972,0.0000000,49.992,9.352,-290.055,0.0000000,0
1,Port 0x0A: NDI 080051  s/n:3A997400 Channel:0,215678,673.438,1,OK,NaN,89.0264798,168.4787195,-0.0000000,50.815,9.305,-290.134,0.0000000,0
1,Port 0x0A: NDI 080051  s/n:3A997400 Channel:0,215686,673.463,1,OK,NaN,88.9825276,168.5036481,-0.0000000,51.804,8.802,-290.206,0.0000000,0
1,Port 0x0A: NDI 080051  s/n:3A997400 Channel:0,215694,673.488,1,OK,NaN,88.8453438,168.6923396,0.0000000,52.623,8.757,-290.385,0.0000000,0
1,Port 0x0A: NDI 080051  s/n:3A997400 Channel:0,215702,673.513,1,OK,NaN,88.7980690,168.5956106,0.0000000,53.320,8.246,-290.247,0.0000000,0
1,Port 0x0A: NDI 080051  s/n:3A997400 Channel:0,215710,673.538,1,OK,NaN,88.8301644,168.6029471,-0.0000000,54.215,7.829,-290.316,0.0000000,0
1,Port 0x0A: NDI 080051  s/n:3A997400 Channel:0,215718,673.563,1,OK,NaN,88.7388406,168.5984105,0.0000000,54.648,7.445,-290.193,0.0000000,0
1,Port 0x0A: NDI 080051  s/n:3A997400 Channel:0,215726,673.588,1,OK,NaN,88.7162974,168.6338195,0.0000000,55.456,7.417,-290.278,0.0000000,0
1,Port 0x0A: NDI 080051  s/n:3A997400 Channel:0,215734,673.613,1,OK,NaN,88.6715958,168.7276104,0.0000000,56.177,7.161,-290.391,0.0000000,0
1,Port 0x0A: NDI 080051  s/n:3A997400 Channel:0,215742,673.637,1,OK,NaN,88.6509743,168.8139443,0.0000000,57.068,7.171,-290.705,0.0000000,0
1,Port 0x0A: NDI 080051  s/n:3A997400 Channel:0,215750,673.662,1,OK,NaN,88.5701942,168.8088219,0.0000000,57.927,7.204,-290.927,0.0000000,0
1,Port 0x0A: NDI 080051  s/n:3A997400 Channel:0,215758,673.687,1,OK,NaN,88.5714533,168.8356372,0.0000000,58.865,7.228,-291.134,0.0000000,0
1,Port 0x0A: NDI 080051  s/n:3A997400 Channel:0,215766,673.712,1,OK,NaN,88.5037668,168.8031117,0.0000000,59.418,6.933,-291.150,0.0000000,0
1,Port 0x0A: NDI 080051  s/n:3A997400 Channel:0,215774,673.737,1,OK,NaN,88.5082478,168.8100246,-0.0000000,60.387,7.128,-291.500,0.0000000,0
1,Port 0x0A: NDI 080051  s/n:3A997400 Channel:0,215782,673.762,1,OK,NaN,88.4269578,168.8982835,0.0000000,61.042,7.163,-291.854,0.0000000,0
1,Port 0x0A: NDI 080051  s/n:3A997400 Channel:0,215790,673.787,1,OK,NaN,88.4966145,168.9109333,-0.0000000,61.910,7.150,-292.176,0.0000000,0
1,Port 0x0A: NDI 080051  s/n:3A997400 Channel:0,215798,673.812,1,OK,NaN,88.4301144,168.8548175,0.0000000,62.279,7.183,-292.168,0.0000000,0
1,Port 0x0A: NDI 080051  s/n:3A997400 Channel:0,215806,673.837,1,OK,NaN,88.5080777,168.9578015,-0.0000000,63.290,7.154,-292.497,0.0000000,0
1,Port 0x0A: NDI 080051  s/n:3A997400 Channel:0,215814,673.862,1,OK,NaN,88.4700912,168.9583070,0.0000000,63.667,7.092,-292.483,0.0000000,0
1,Port 0x0A: NDI 080051  s/n:3A997400 Channel:0,215822,673.887,1,OK,NaN,88.5607158,169.0284395,-0.0000000,64.564,7.332,-293.111,0.0000000,0
1,Port 0x0A: NDI 080051  s/n:3A997400 Channel:0,215830,673.912,1,OK,NaN,88.5045371,169.0648170,0.0000000,64.634,7.238,-293.210,0.0000000,0
1,Port 0x0A: NDI 080051  s/n:3A997400 Channel:0,215838,673.937,1,OK,NaN,88.6577182,169.0433839,0.0000000,65.177,7.291,-293.465,0.0000000,0
1,Port 0x0A: NDI 080051  s/n:3A997400 Channel:0,215846,673.962,1,OK,NaN,88.6656075,169.0584786,0.0000000,65.239,7.492,-293.788,0.0000000,0
1,Port 0x0A: NDI 080051  s/n:3A997400 Channel:0,215854,673.987,1,OK,NaN,88.8020804,169.2053147,-0.0000000,65.898,7.240,-294.026,0.0000000,0
1,Port 0x0A: NDI 080051  s/n:3A997400 Channel:0,215862,674.012,1,OK,NaN,88.7261768,169.2482894,0.0000000,65.652,7.220,-294.138,0.0000000,0
1,Port 0x0A: NDI 080051  s/n:3A997400 Channel:0,215870,674.037,1,OK,NaN,88.8663322,169.2987789,-0.0000000,66.214,7.136,-294.458,0.0000000,0
1,Port 0x0A: NDI 080051  s/n:3A997400 Channel:0,215878,674.062,1,OK,NaN,88.8242889,169.4493717,0.0000000,65.891,6.773,-294.495,0.0000000,0
1,Port 0x0A: NDI 080051  s/n:3A997400 Channel:0,215886,674.087,1,OK,NaN,89.0504033,169.6615430,-0.0000000,66.802,6.873,-295.013,0.0000000,0
1,Port 0x0A: NDI 080051  s/n:3A997400 Channel:0,215894,674.112,1,OK,NaN,88.9423483,169.6723077,0.0000000,66.540,6.510,-294.740,0.0000000,0
1,Port 0x0A: NDI 080051  s/n:3A997400 Channel:0,215902,674.137,1,OK,NaN,89.1064105,169.7961536,-0.0000000,67.499,6.468,-295.319,0.0000000,0
1,Port 0x0A: NDI 080051  s/n:3A997400 Channel:0,215910,674.162,1,OK,NaN,88.8899891,169.4546020,0.0000000,66.344,7.011,-294.666,0.0000000,0
1,Port 0x0A: NDI 080051  s/n:3A997400 Channel:0,215918,674.187,1,OK,NaN,88.9429106,169.5240121,0.0000000,66.611,6.876,-294.831,0.0000000,0
1,Port 0x0A: NDI 080051  s/n:3A997400 Channel:0,215926,674.212,1,OK,NaN,88.9823964,169.5994971,0.0000000,66.859,6.712,-294.968,0.0000000,0
1,Port 0x0A: NDI 080051  s/n:3A997400 Channel:0,215934,674.237,1,OK,NaN,89.2403048,169.9224157,0.0000000,68.787,5.844,-295.698,0.0000000,0
1,Port 0x0A: NDI 080051  s/n:3A997400 Channel:0,215942,674.262,1,OK,NaN,89.2033701,169.9458991,0.0000000,68.907,5.609,-295.615,0.0000000,0
1,Port 0x0A: NDI 080051  s/n:3A997400 Channel:0,215950,674.287,1,OK,NaN,89.3471716,170.0297174,-0.0000000,69.770,5.340,-295.919,0.0000000,0
1,Port 0x0A: NDI 080051  s/n:3A997400 Channel:0,215958,674.312,1,OK,NaN,89.3181680,169.9864149,0.0000000,69.935,5.478,-295.652,0.0000000,0
1,Port 0x0A: NDI 080051  s/n:3A997400 Channel:0,215966,674.337,1,OK,NaN,89.4794458,170.1318572,0.0000000,71.130,5.211,-295.907,0.0000000,0
1,Port 0x0A: NDI 080051  s/n:3A997400 Channel:0,215974,674.362,1,OK,NaN,89.4555616,170.2849901,-0.0000000,71.215,4.800,-296.019,0.0000000,0
1,Port 0x0A: NDI 080051  s/n:3A997400 Channel:0,215982,674.387,1,OK,NaN,89.7266438,170.3536196,-0.0000000,72.166,4.440,-296.257,0.0000000,0
1,Port 0x0A: NDI 080051  s/n:3A997400 Channel:0,215990,674.412,1,OK,NaN,89.8110440,170.4395833,0.0000000,72.780,3.931,-296.260,0.0000000,0
1,Port 0x0A: NDI 080051  s/n:3A997400 Channel:0,215998,674.437,1,OK,NaN,89.9256031,170.5011786,-0.0000000,73.561,3.659,-296.326,0.0000000,0
1,Port 0x0A: NDI 080051  s/n:3A997400 Channel:0,216006,674.462,1,OK,NaN,90.0286378,170.6140677,-0.0000000,74.408,3.440,-296.663,0.0000000,0
1,Port 0x0A: NDI 080051  s/n:3A997400 Channel:0,216014,674.487,1,OK,NaN,90.0991011,170.5623086,0.0000000,75.192,3.064,-296.381,0.0000000,0
1,Port 0x0A: NDI 080051  s/n:3A997400 Channel:0,216022,674.512,1,OK,NaN,90.0297054,170.6167456,-0.0000000,75.739,2.696,-296.356,0.0000000,0
1,Port 0x0A: NDI 080051  s/n:3A997400 Channel:0,216030,674.537,1,OK,NaN,90.1487054,170.6791193,0.0000000,77.081,2.485,-296.229,0.0000000,0
1,Port 0x0A: NDI 080051  s/n:3A997400 Channel:0,216038,674.562,1,OK,NaN,90.1083702,170.7753154,-0.0000000,77.872,2.307,-296.416,0.0000000,0
1,Port 0x0A: NDI 080051  s/n:3A997400 Channel:0,216046,674.587,1,OK,NaN,90.2085697,170.8401482,-0.0000000,78.988,2.104,-296.385,0.0000000,0
1,Port 0x0A: NDI 080051  s/n:3A997400 Channel:0,216054,674.612,1,OK,NaN,90.2821244,170.8624555,0.0000000,79.768,1.969,-296.323,0.0000000,0
1,Port 0x0A: NDI 080051  s/n:3A997400 Channel:0,216062,674.637,1,OK,NaN,90.3955342,170.9278741,0.0000000,80.866,1.745,-296.582,0.0000000,0
1,Port 0x0A: NDI 080051  s/n:3A997400 Channel:0,216070,674.662,1,OK,NaN,90.4103500,170.9176698,-0.0000000,81.838,1.787,-296.571,0.0000000,0
1,Port 0x0A: NDI 080051  s/n:3A997400 Channel:0,216078,674.687,1,OK,NaN,90.4351885,170.9336940,0.0000000,82.816,1.376,-296.404,0.0000000,0
1,Port 0x0A: NDI 080051  s/n:3A997400 Channel:0,216086,674.712,1,OK,NaN,90.4221855,171.0063112,0.0000000,83.658,1.271,-296.601,0.0000000,0
1,Port 0x0A: NDI 080051  s/n:3A997400 Channel:0,216094,674.737,1,OK,NaN,90.4381881,171.0506133,0.0000000,84.771,0.972,-296.539,0.0000000,0
1,Port 0x0A: NDI 080051  s/n:3A997400 Channel:0,216102,674.762,1,OK,NaN,90.4256298,171.0109980,0.0000000,86.037,0.965,-296.904,0.0000000,0
1,Port 0x0A: NDI 080051  s/n:3A997400 Channel:0,216110,674.787,1,OK,NaN,90.4337942,171.0492601,0.0000000,87.329,0.827,-296.929,0.0000000,0
1,Port 0x0A: NDI 080051  s/n:3A997400 Channel:0,216118,674.812,1,OK,NaN,90.4775553,171.0509959,-0.0000000,88.536,0.961,-297.053,0.0000000,0
1,Port 0x0A: NDI 080051  s/n:3A997400 Channel:0,216126,674.836,1,OK,NaN,90.4675577,171.0807757,0.0000000,89.568,1.019,-297.178,0.0000000,0
1,Port 0x0A: NDI 080051  s/n:3A997400 Channel:0,216134,674.861,1,OK,NaN,90.5369726,171.1102815,-0.0000000,90.728,1.445,-297.463,0.0000000,0
1,Port 0x0A: NDI 080051  s/n:3A997400 Channel:0,216142,674.886,1,OK,NaN,90.6212903,171.1518234,0.0000000,91.556,1.433,-297.793,0.0000000,0
1,Port 0x0A: NDI 080051  s/n:3A997400 Channel:0,216150,674.911,1,OK,NaN,90.8033273,171.2408605,0.0000000,92.200,1.785,-298.396,0.0000000,0
1,Port 0x0A: NDI 080051  s/n:3A997400 Channel:0,216158,674.936,1,OK,NaN,90.9544302,171.3260610,0.0000000,92.718,1.317,-298.536,0.0000000,0
1,Port 0x0A: NDI 080051  s/n:3A997400 Channel:0,216166,674.961,1,OK,NaN,91.0376058,171.3975587,0.0000000,93.226,1.669,-298.829,0.0000000,0
1,Port 0x0A: NDI 080051  s/n:3A997400 Channel:0,216174,674.986,1,OK,NaN,91.1038338,171.4389231,0.0000000,93.879,1.227,-299.191,0.0000000,0
1,Port 0x0A: NDI 080051  s/n:3A997400 Channel:0,216182,675.011,1,OK,NaN,91.1705794,171.4782924,0.0000000,94.061,1.042,-299.468,0.0000000,0
1,Port 0x0A: NDI 080051  s/n:3A997400 Channel:0,216190,675.036,1,OK,NaN,91.2463932,171.5945146,0.0000000,94.460,0.623,-299.780,0.0000000,0
1,Port 0x0A: NDI 080051  s/n:3A997400 Channel:0,216198,675.061,1,OK,NaN,91.3256619,171.6324356,0.0000000,94.803,0.660,-300.108,0.0000000,0
1,Port 0x0A: NDI 080051  s/n:3A997400 Channel:0,216206,675.086,1,OK,NaN,91.4094059,171.7247115,0.0000000,95.345,0.496,-300.456,0.0000000,0
1,Port 0x0A: NDI 080051  s/n:3A997400 Channel:0,216214,675.111,1,OK,NaN,91.4415309,171.7943386,0.0000000,96.029,0.601,-300.853,0.0000000,0
1,Port 0x0A: NDI 080051  s/n:3A997400 Channel:0,216222,675.136,1,OK,NaN,91.4659538,171.8607693,-0.0000000,96.587,0.316,-300.909,0.0000000,0
1,Port 0x0A: NDI 080051  s/n:3A997400 Channel:0,216230,675.161,1,OK,NaN,91.5466708,171.9784119,0.0000000,97.311,0.587,-301.185,0.0000000,0
1,Port 0x0A: NDI 080051  s/n:3A997400 Channel:0,216238,675.186,1,OK,NaN,91.5612464,172.0399388,-0.0000000,97.678,0.269,-301.258,0.0000000,0
1,Port 0x0A: NDI 080051  s/n:3A997400 Channel:0,216246,675.211,1,OK,NaN,91.7539535,172.0854140,0.0000000,98.863,0.050,-301.453,0.0000000,0
1,Port 0x0A: NDI 080051  s/n:3A997400 Channel:0,216254,675.236,1,OK,NaN,91.7115694,172.1614200,0.0000000,99.587,-0.000,-301.765,0.0000000,0
1,Port 0x0A: NDI 080051  s/n:3A997400 Channel:0,216262,675.261,1,OK,NaN,91.7911848,172.2326045,0.0000000,100.664,0.171,-302.113,0.0000000,0
1,Port 0x0A: NDI 080051  s/n:3A997400 Channel:0,216270,675.286,1,OK,NaN,91.6678694,172.2269214,0.0000000,101.370,-0.063,-302.114,0.0000000,0
1,Port 0x0A: NDI 080051  s/n:3A997400 Channel:0,216278,675.311,1,OK,NaN,91.6525327,172.4310224,0.0000000,102.915,-0.747,-302.031,0.0000000,0
1,Port 0x0A: NDI 080051  s/n:3A997400 Channel:0,216286,675.336,1,OK,NaN,91.5564064,172.7578865,-0.0000000,104.249,-1.647,-302.321,0.0000000,0
1,Port 0x0A: NDI 080051  s/n:3A997400 Channel:0,216294,675.361,1,OK,NaN,91.5263526,172.6636167,-0.0000000,105.536,-1.388,-302.359,0.0000000,0
1,Port 0x0A: NDI 080051  s/n:3A997400 Channel:0,216302,675.386,1,OK,NaN,91.3471852,172.7042294,0.0000000,106.471,-2.120,-302.712,0.0000000,0
1,Port 0x0A: NDI 080051  s/n:3A997400 Channel:0,216310,675.411,1,OK,NaN,91.4262507,172.7038875,0.0000000,108.023,-2.022,-302.861,0.0000000,0
1,Port 0x0A: NDI 080051  s/n:3A997400 Channel:0,216318,675.436,1,OK,NaN,91.2614995,172.8293038,0.0000000,108.949,-2.627,-303.173,0.0000000,0
1,Port 0x0A: NDI 080051  s/n:3A997400 Channel:0,216326,675.461,1,OK,NaN,91.3501243,172.8737680,0.0000000,110.429,-2.781,-303.228,0.0000000,0
1,Port 0x0A: NDI 080051  s/n:3A997400 Channel:0,216334,675.486,1,OK,NaN,91.2027305,172.9438458,0.0000000,110.957,-3.440,-303.385,0.0000000,0
1,Port 0x0A: NDI 080051  s/n:3A997400 Channel:0,216342,675.511,1,OK,NaN,91.3146560,172.9675055,0.0000000,112.207,-3.702,-303.529,0.0000000,0
1,Port 0x0A: NDI 080051  s/n:3A997400 Channel:0,216350,675.536,1,OK,NaN,91.2344144,173.0253297,0.0000000,112.666,-3.423,-303.945,0.0000000,0
1,Port 0x0A: NDI 080051  s/n:3A997400 Channel:0,216358,675.561,1,OK,NaN,91.4198153,173.1250507,0.0000000,113.971,-4.026,-303.883,0.0000000,0
1,Port 0x0A: NDI 080051  s/n:3A997400 Channel:0,216366,675.586,1,OK,NaN,91.4055407,173.2129825,0.0000000,114.494,-4.154,-304.409,0.0000000,0
1,Port 0x0A: NDI 080051  s/n:3A997400 Channel:0,216374,675.611,1,OK,NaN,91.5307609,173.2781695,0.0000000,115.632,-4.322,-304.760,0.0000000,0
1,Port 0x0A: NDI 080051  s/n:3A997400 Channel:0,216382,675.636,1,OK,NaN,91.4559190,173.3398740,-0.0000000,116.259,-4.454,-305.223,0.0000000,0
1,Port 0x0A: NDI 080051  s/n:3A997400 Channel:0,216390,675.661,1,OK,NaN,91.6297284,173.2985788,-0.0000000,117.396,-4.617,-305.309,0.0000000,0
1,Port 0x0A: NDI 080051  s/n:3A997400 Channel:0,216398,675.686,1,OK,NaN,91.5888916,173.4393487,0.0000000,117.921,-4.540,-305.687,0.0000000,0
1,Port 0x0A: NDI 080051  s/n:3A997400 Channel:0,216406,675.711,1,OK,NaN,91.7133921,173.5721274,0.0000000,119.179,-4.485,-305.784,0.0000000,0
1,Port 0x0A: NDI 080051  s/n:3A997400 Channel:0,216414,675.736,1,OK,NaN,91.6149020,173.5618143,0.0000000,119.790,-4.457,-306.103,0.0000000,0
1,Port 0x0A: NDI 080051  s/n:3A997400 Channel:0,216422,675.761,1,OK,NaN,91.6781777,173.6385442,0.0000000,121.112,-5.055,-306.234,0.0000000,0
1,Port 0x0A: NDI 080051  s/n:3A997400 Channel:0,216430,675.786,1,OK,NaN,91.5562881,173.7634822,0.0000000,121.773,-4.727,-306.455,0.0000000,0
1,Port 0x0A: NDI 080051  s/n:3A997400 Channel:0,216438,675.811,1,OK,NaN,91.6007736,173.7961434,-0.0000000,123.053,-5.374,-306.488,0.0000000,0
1,Port 0x0A: NDI 080051  s/n:3A997400 Channel:0,216446,675.836,1,OK,NaN,91.5413479,173.8973264,0.0000000,124.032,-5.069,-307.051,0.0000000,0
1,Port 0x0A: NDI 080051  s/n:3A997400 Channel:0,216454,675.861,1,OK,NaN,91.6143340,173.8002284,0.0000000,125.119,-5.588,-306.904,0.0000000,0
1,Port 0x0A: NDI 080051  s/n:3A997400 Channel:0,216462,675.886,1,OK,NaN,91.4965891,173.8434633,0.0000000,125.381,-5.120,-307.129,0.0000000,0
1,Port 0x0A: NDI 080051  s/n:3A997400 Channel:0,216470,675.911,1,OK,NaN,91.5461599,173.8089989,0.0000000,126.262,-6.033,-307.159,0.0000000,0
1,Port 0x0A: NDI 080051  s/n:3A997400 Channel:0,216478,675.936,1,OK,NaN,91.4955779,173.8969440,-0.0000000,126.688,-5.535,-307.692,0.0000000,0
1,Port 0x0A: NDI 080051  s/n:3A997400 Channel:0,216486,675.961,1,OK,NaN,91.6195062,173.9678820,0.0000000,127.675,-6.145,-307.420,0.0000000,0
1,Port 0x0A: NDI 080051  s/n:3A997400 Channel:0,216494,675.986,1,OK,NaN,91.6566937,174.0990219,0.0000000,128.275,-6.041,-307.821,0.0000000,0
1,Port 0x0A: NDI 080051  s/n:3A997400 Channel:0,216502,676.011,1,OK,NaN,91.7742901,174.1946173,-0.0000000,129.047,-6.729,-307.988,0.0000000,0
1,Port 0x0A: NDI 080051  s/n:3A997400 Channel:0,216510,676.036,1,OK,NaN,91.7232042,174.2583158,-0.0000000,129.026,-5.827,-308.101,0.0000000,0
1,Port 0x0A: NDI 080051  s/n:3A997400 Channel:0,216518,676.060,1,OK,NaN,91.8612013,174.3067555,-0.0000000,129.820,-6.729,-307.903,0.0000000,0
1,Port 0x0A: NDI 080051  s/n:3A997400 Channel:0,216526,676.085,1,OK,NaN,91.8679946,174.4110522,0.0000000,130.274,-6.152,-308.258,0.0000000,0
1,Port 0x0A: NDI 080051  s/n:3A997400 Channel:0,216534,676.110,1,OK,NaN,91.8823286,174.3064547,0.0000000,130.925,-6.549,-308.449,0.0000000,0
1,Port 0x0A: NDI 080051  s/n:3A997400 Channel:0,216542,676.135,1,OK,NaN,91.8136355,174.3766140,0.0000000,131.154,-6.191,-308.799,0.0000000,0
1,Port 0x0A: NDI 080051  s/n:3A997400 Channel:0,216550,676.160,1,OK,NaN,91.9143445,174.3663417,0.0000000,131.842,-6.704,-308.758,0.0000000,0
1,Port 0x0A: NDI 080051  s/n:3A997400 Channel:0,216558,676.185,1,OK,NaN,91.9218645,174.4169401,-0.0000000,131.939,-5.645,-309.177,0.0000000,0
1,Port 0x0A: NDI 080051  s/n:3A997400 Channel:0,216566,676.210,1,OK,NaN,92.0851004,174.3992362,0.0000000,132.477,-6.141,-308.939,0.0000000,0
1,Port 0x0A: NDI 080051  s/n:3A997400 Channel:0,216574,676.235,1,OK,NaN,92.1134376,174.3846475,0.0000000,132.600,-5.753,-308.995,0.0000000,0
1,Port 0x0A: NDI 080051  s/n:3A997400 Channel:0,216582,676.260,1,OK,NaN,92.1829794,174.4056430,0.0000000,133.069,-6.593,-308.911,0.0000000,0
1,Port 0x0A: NDI 080051  s/n:3A997400 Channel:0,216590,676.285,1,OK,NaN,92.2248305,174.4471838,0.0000000,133.306,-5.782,-309.275,0.0000000,0
1,Port 0x0A: NDI 080051  s/n:3A997400 Channel:0,216598,676.310,1,OK,NaN,92.2059342,174.3559874,-0.0000000,133.573,-6.756,-309.420,0.0000000,0
1,Port 0x0A: NDI 080051  s/n:3A997400 Channel:0,216606,676.335,1,OK,NaN,92.1743335,174.4219398,0.0000000,133.997,-6.174,-309.704,0.0000000,0
1,Port 0x0A: NDI 080051  s/n:3A997400 Channel:0,216614,676.360,1,OK,NaN,92.0839328,174.4208195,0.0000000,134.388,-6.575,-309.726,0.0000000,0
1,Port 0x0A: NDI 080051  s/n:3A997400 Channel:0,216622,676.385,1,OK,NaN,92.0190326,174.4661861,0.0000000,134.784,-6.372,-309.637,0.0000000,0
1,Port 0x0A: NDI 080051  s/n:3A997400 Channel:0,216630,676.410,1,OK,NaN,92.0739190,174.4309420,0.0000000,135.560,-6.856,-309.745,0.0000000,0
1,Port 0x0A: NDI 080051  s/n:3A997400 Channel:0,216638,676.435,1,OK,NaN,92.0403416,174.4720321,0.0000000,135.768,-6.145,-309.889,0.0000000,0
1,Port 0x0A: NDI 080051  s/n:3A997400 Channel:0,216646,676.460,1,OK,NaN,92.0653748,174.3933081,-0.0000000,136.408,-6.611,-309.916,0.0000000,0
1,Port 0x0A: NDI 080051  s/n:3A997400 Channel:0,216654,676.485,1,OK,NaN,92.0246745,174.4650379,0.0000000,136.532,-6.143,-309.925,0.0000000,0
1,Port 0x0A: NDI 080051  s/n:3A997400 Channel:0,216662,676.510,1,OK,NaN,92.0590343,174.4674560,-0.0000000,137.150,-6.629,-309.895,0.0000000,0
1,Port 0x0A: NDI 080051  s/n:3A997400 Channel:0,216670,676.535,1,OK,NaN,91.9939412,174.5294467,0.0000000,137.319,-6.387,-309.970,0.0000000,0
1,Port 0x0A: NDI 080051  s/n:3A997400 Channel:0,216678,676.560,1,OK,NaN,91.9790697,174.5057325,0.0000000,137.628,-7.226,-310.057,0.0000000,0
1,Port 0x0A: NDI 080051  s/n:3A997400 Channel:0,216686,676.585,1,OK,NaN,91.9793306,174.4938476,0.0000000,136.374,-6.346,-310.185,0.0000000,0
1,Port 0x0A: NDI 080051  s/n:3A997400 Channel:0,216694,676.610,1,OK,NaN,91.9951490,174.5022494,0.0000000,136.780,-6.418,-310.187,0.0000000,0
1,Port 0x0A: NDI 080051  s/n:3A997400 Channel:0,216702,676.635,1,OK,NaN,92.0080451,174.5117837,0.0000000,137.088,-6.439,-310.174,0.0000000,0
1,Port 0x0A: NDI 080051  s/n:3A997400 Channel:0,216710,676.660,1,OK,NaN,92.0198735,174.5270293,-0.0000000,137.365,-6.488,-310.178,0.0000000,0
1,Port 0x0A: NDI 080051  s/n:3A997400 Channel:0,216718,676.685,1,OK,NaN,92.0281728,174.5495549,0.0000000,137.597,-6.479,-310.173,0.0000000,0
1,Port 0x0A: NDI 080051  s/n:3A997400 Channel:0,216726,676.710,1,OK,NaN,92.0383380,174.5680382,-0.0000000,137.833,-6.618,-310.228,0.0000000,0
1,Port 0x0A: NDI 080051  s/n:3A997400 Channel:0,216734,676.735,1,OK,NaN,92.0174893,174.5890195,0.0000000,137.961,-6.629,-310.242,0.0000000,0
1,Port 0x0A: NDI 080051  s/n:3A997400 Channel:0,216742,676.760,1,OK,NaN,91.9921238,174.6156033,-0.0000000,138.167,-6.633,-310.330,0.0000000,0
1,Port 0x0A: NDI 080051  s/n:3A997400 Channel:0,216750,676.785,1,OK,NaN,91.9801113,174.6484150,0.0000000,138.461,-6.745,-310.358,0.0000000,0
1,Port 0x0A: NDI 080051  s/n:3A997400 Channel:0,216758,676.810,1,OK,NaN,91.8244958,174.8809285,0.0000000,140.574,-7.795,-310.398,0.0000000,0
1,Port 0x0A: NDI 080051  s/n:3A997400 Channel:0,216766,676.835,1,OK,NaN,91.8453440,174.9127981,0.0000000,141.269,-7.816,-310.594,0.0000000,0
1,Port 0x0A: NDI 080051  s/n:3A997400 Channel:0,216774,676.860,1,OK,NaN,91.8585987,174.8507391,0.0000000,141.690,-7.527,-310.624,0.0000000,0
1,Port 0x0A: NDI 080051  s/n:3A997400 Channel:0,216782,676.885,1,OK,NaN,91.8499249,174.8341960,-0.0000000,142.267,-7.688,-310.744,0.0000000,0
1,Port 0x0A: NDI 080051  s/n:3A997400 Channel:0,216790,676.910,1,OK,NaN,91.8342537,174.8905182,0.0000000,142.736,-7.552,-311.021,0.0000000,0
1,Port 0x0A: NDI 080051  s/n:3A997400 Channel:0,216798,676.935,1,OK,NaN,91.8931364,174.8388409,0.0000000,143.278,-7.335,-310.873,0.0000000,0
1,Port 0x0A: NDI 080051  s/n:3A997400 Channel:0,216806,676.960,1,OK,NaN,91.8224173,174.8479659,-0.0000000,143.251,-7.484,-310.943,0.0000000,0
1,Port 0x0A: NDI 080051  s/n:3A997400 Channel:0,216814,676.985,1,OK,NaN,91.9142725,174.8266559,-0.0000000,143.948,-7.584,-310.993,0.0000000,0
1,Port 0x0A: NDI 080051  s/n:3A997400 Channel:0,216822,677.010,1,OK,NaN,91.8233494,174.8247436,-0.0000000,144.165,-7.134,-311.336,0.0000000,0
1,Port 0x0A: NDI 080051  s/n:3A997400 Channel:0,216830,677.035,1,OK,NaN,91.8679537,174.8189648,0.0000000,144.565,-7.084,-311.346,0.0000000,0
1,Port 0x0A: NDI 080051  s/n:3A997400 Channel:0,216838,677.060,1,OK,NaN,91.8952552,174.8697408,-0.0000000,144.762,-6.883,-311.554,0.0000000,0
1,Port 0x0A: NDI 080051  s/n:3A997400 Channel:0,216846,677.085,1,OK,NaN,91.9040563,174.8793439,-0.0000000,145.046,-6.917,-311.784,0.0000000,0
1,Port 0x0A: NDI 080051  s/n:3A997400 Channel:0,216854,677.110,1,OK,NaN,91.8866034,174.9489292,0.0000000,145.144,-6.242,-311.890,0.0000000,0
1,Port 0x0A: NDI 080051  s/n:3A997400 Channel:0,216862,677.135,1,OK,NaN,91.9282104,174.9285616,0.0000000,145.534,-6.210,-311.755,0.0000000,0
1,Port 0x0A: NDI 080051  s/n:3A997400 Channel:0,216870,677.160,1,OK,NaN,91.9241883,175.0079154,0.0000000,145.733,-5.684,-312.091,0.0000000,0
1,Port 0x0A: NDI 080051  s/n:3A997400 Channel:0,216878,677.185,1,OK,NaN,91.9510897,174.9689419,0.0000000,146.277,-6.344,-312.405,0.0000000,0
1,Port 0x0A: NDI 080051  s/n:3A997400 Channel:0,216886,677.210,1,OK,NaN,91.8546947,175.0730748,-0.0000000,146.417,-6.179,-312.282,0.0000000,0
1,Port 0x0A: NDI 080051  s/n:3A997400 Channel:0,216894,677.235,1,OK,NaN,91.8426771,175.2280796,0.0000000,147.249,-6.728,-312.512,0.0000000,0
1,Port 0x0A: NDI 080051  s/n:3A997400 Channel:0,216902,677.259,1,OK,NaN,91.8023999,175.3707898,0.0000000,147.644,-7.123,-312.742,0.0000000,0
1,Port 0x0A: NDI 080051  s/n:3A997400 Channel:0,216910,677.284,1,OK,NaN,91.8257010,175.2971329,0.0000000,148.073,-7.969,-312.844,0.0000000,0
1,Port 0x0A: NDI 080051  s/n:3A997400 Channel:0,216918,677.309,1,OK,NaN,91.8210551,175.2330382,0.0000000,147.949,-6.645,-312.592,0.0000000,0
1,Port 0x0A: NDI 080051  s/n:3A997400 Channel:0,216926,677.334,1,OK,NaN,91.8287702,175.1453660,0.0000000,148.683,-7.831,-312.606,0.0000000,0
1,Port 0x0A: NDI 080051  s/n:3A997400 Channel:0,216934,677.359,1,OK,NaN,91.7777732,175.3093312,0.0000000,149.047,-7.837,-312.871,0.0000000,0
1,Port 0x0A: NDI 080051  s/n:3A997400 Channel:0,216942,677.384,1,OK,NaN,91.7224359,175.3532086,0.0000000,149.115,-8.089,-312.855,0.0000000,0
1,Port 0x0A: NDI 080051  s/n:3A997400 Channel:0,216950,677.409,1,OK,NaN,91.8382759,175.4708659,-0.0000000,149.752,-7.899,-312.997,0.0000000,0
1,Port 0x0A: NDI 080051  s/n:3A997400 Channel:0,216958,677.434,1,OK,NaN,91.7531237,175.3350400,0.0000000,148.436,-7.155,-313.026,0.0000000,0
1,Port 0x0A: NDI 080051  s/n:3A997400 Channel:0,216966,677.459,1,OK,NaN,91.7458703,175.3649837,0.0000000,148.780,-7.377,-313.061,0.0000000,0
1,Port 0x0A: NDI 080051  s/n:3A997400 Channel:0,216974,677.484,1,OK,NaN,91.7438384,175.3769503,0.0000000,149.064,-7.686,-313.032,0.0000000,0
1,Port 0x0A: NDI 080051  s/n:3A997400 Channel:0,216982,677.509,1,OK,NaN,91.7360703,175.3968673,0.0000000,149.270,-7.749,-312.962,0.0000000,0
1,Port 0x0A: NDI 080051  s/n:3A997400 Channel:0,216990,677.534,1,OK,NaN,91.7251000,175.4258681,-0.0000000,149.459,-7.827,-312.963,0.0000000,0
1,Port 0x0A: NDI 080051  s/n:3A997400 Channel:0,216998,677.559,1,OK,NaN,91.7225610,175.4809059,-0.0000000,149.667,-7.882,-312.900,0.0000000,0
1,Port 0x0A: NDI 080051  s/n:3A997400 Channel:0,217006,677.584,1,OK,NaN,91.7140011,175.5078304,0.0000000,149.846,-8.061,-312.921,0.0000000,0
1,Port 0x0A: NDI 080051  s/n:3A997400 Channel:0,217014,677.609,1,OK,NaN,91.6843996,175.5581414,0.0000000,149.958,-7.977,-312.838,0.0000000,0
1,Port 0x0A: NDI 080051  s/n:3A997400 Channel:0,217022,677.634,1,OK,NaN,91.5949713,175.6904561,0.0000000,151.384,-9.226,-312.489,0.0000000,0
1,Port 0x0A: NDI 080051  s/n:3A997400 Channel:0,217030,677.659,1,OK,NaN,91.5892904,175.8194649,0.0000000,151.730,-8.865,-312.383,0.0000000,0
1,Port 0x0A: NDI 080051  s/n:3A997400 Channel:0,217038,677.684,1,OK,NaN,91.4830537,175.7699043,0.0000000,152.047,-10.108,-312.264,0.0000000,0
1,Port 0x0A: NDI 080051  s/n:3A997400 Channel:0,217046,677.709,1,OK,NaN,91.5205828,175.7737571,0.0000000,152.642,-10.248,-311.786,0.0000000,0
1,Port 0x0A: NDI 080051  s/n:3A997400 Channel:0,217054,677.734,1,OK,NaN,91.4357894,175.8083176,0.0000000,153.063,-10.128,-311.721,0.0000000,0
1,Port 0x0A: NDI 080051  s/n:3A997400 Channel:0,217062,677.759,1,OK,NaN,91.3927435,175.7669544,0.0000000,153.603,-10.163,-311.873,0.0000000,0
1,Port 0x0A: NDI 080051  s/n:3A997400 Channel:0,217070,677.784,1,OK,NaN,91.3098118,175.6263070,0.0000000,153.729,-10.063,-311.759,0.0000000,0
1,Port 0x0A: NDI 080051  s/n:3A997400 Channel:0,217078,677.809,1,OK,NaN,91.3271779,175.6797059,-0.0000000,154.434,-10.559,-311.504,0.0000000,0
1,Port 0x0A: NDI 080051  s/n:3A997400 Channel:0,217086,677.834,1,OK,NaN,91.1738328,175.6889263,0.0000000,154.499,-10.973,-311.656,0.0000000,0
1,Port 0x0A: NDI 080051  s/n:3A997400 Channel:0,217094,677.859,1,OK,NaN,91.2019919,175.6962483,-0.0000000,154.466,-10.067,-311.388,0.0000000,0
1,Port 0x0A: NDI 080051  s/n:3A997400 Channel:0,217102,677.884,1,OK,NaN,91.1991921,175.4875309,0.0000000,154.611,-10.672,-311.284,0.0000000,0
1,Port 0x0A: NDI 080051  s/n:3A997400 Channel:0,217110,677.909,1,OK,NaN,91.0790885,175.4442820,-0.0000000,154.602,-10.357,-311.738,0.0000000,0
1,Port 0x0A: NDI 080051  s/n:3A997400 Channel:0,217118,677.934,1,OK,NaN,91.0440186,175.4303627,0.0000000,155.131,-10.712,-311.727,0.0000000,0
1,Port 0x0A: NDI 080051  s/n:3A997400 Channel:0,217126,677.959,1,OK,NaN,91.0519429,175.5279930,0.0000000,155.893,-11.476,-311.652,0.0000000,0
1,Port 0x0A: NDI 080051  s/n:3A997400 Channel:0,217134,677.984,1,OK,NaN,91.0252293,175.6124418,0.0000000,156.300,-11.295,-311.745,0.0000000,0
1,Port 0x0A: NDI 080051  s/n:3A997400 Channel:0,217142,678.009,1,OK,NaN,91.0705279,175.5960081,0.0000000,154.978,-10.498,-311.915,0.0000000,0
1,Port 0x0A: NDI 080051  s/n:3A997400 Channel:0,217150,678.034,1,OK,NaN,91.0334923,175.5938775,0.0000000,155.192,-10.575,-311.905,0.0000000,0
1,Port 0x0A: NDI 080051  s/n:3A997400 Channel:0,217158,678.059,1,OK,NaN,91.0314017,175.5844925,0.0000000,155.503,-10.671,-311.873,0.0000000,0
1,Port 0x0A: NDI 080051  s/n:3A997400 Channel:0,217166,678.084,1,OK,NaN,90.9967543,175.5664333,-0.0000000,155.673,-10.704,-311.912,0.0000000,0
1,Port 0x0A: NDI 080051  s/n:3A997400 Channel:0,217174,678.109,1,OK,NaN,90.9811479,175.5683190,-0.0000000,155.921,-10.690,-311.915,0.0000000,0
1,Port 0x0A: NDI 080051  s/n:3A997400 Channel:0,217182,678.134,1,OK,NaN,90.9626574,175.5712149,0.0000000,156.158,-10.723,-311.974,0.0000000,0
1,Port 0x0A: NDI 080051  s/n:3A997400 Channel:0,217190,678.159,1,OK,NaN,90.9609805,175.5830582,-0.0000000,156.397,-10.726,-311.879,0.0000000,0
1,Port 0x0A: NDI 080051  s/n:3A997400 Channel:0,217198,678.184,1,OK,NaN,90.9633598,175.5733734,0.0000000,156.604,-10.863,-311.830,0.0000000,0
1,Port 0x0A: NDI 080051  s/n:3A997400 Channel:0,217206,678.209,1,OK,NaN,90.9655694,175.5504236,0.0000000,156.731,-10.883,-311.791,0.0000000,0
1,Port 0x0A: NDI 080051  s/n:3A997400 Channel:0,217214,678.234,1,OK,NaN,90.9668711,175.5292909,0.0000000,156.837,-10.889,-311.780,0.0000000,0
1,Port 0x0A: NDI 080051  s/n:3A997400 Channel:0,217222,678.259,1,OK,NaN,90.9499774,175.5159446,0.0000000,156.876,-10.771,-311.773,0.0000000,0
1,Port 0x0A: NDI 080051  s/n:3A997400 Channel:0,217230,678.284,1,OK,NaN,90.9531467,175.4720949,0.0000000,156.970,-10.891,-311.781,0.0000000,0
1,Port 0x0A: NDI 080051  s/n:3A997400 Channel:0,217238,678.309,1,OK,NaN,90.9544333,175.4448149,0.0000000,157.020,-10.890,-311.748,0.0000000,0
1,Port 0x0A: NDI 080051  s/n:3A997400 Channel:0,217246,678.334,1,OK,NaN,90.9563874,175.4129042,0.0000000,157.094,-10.905,-311.783,0.0000000,0
1,Port 0x0A: NDI 080051  s/n:3A997400 Channel:0,217254,678.359,1,OK,NaN,90.9546265,175.3825786,-0.0000000,157.109,-10.924,-311.762,0.0000000,0
1,Port 0x0A: NDI 080051  s/n:3A997400 Channel:0,217262,678.384,1,OK,NaN,90.9599542,175.3363243,-0.0000000,157.109,-10.967,-311.738,0.0000000,0
1,Port 0x0A: NDI 080051  s/n:3A997400 Channel:0,217270,678.409,1,OK,NaN,90.9586215,175.2996187,-0.0000000,157.059,-10.934,-311.710,0.0000000,0
1,Port 0x0A: NDI 080051  s/n:3A997400 Channel:0,217278,678.434,1,OK,NaN,90.9596900,175.2710145,0.0000000,157.027,-10.843,-311.700,0.0000000,0
1,Port 0x0A: NDI 080051  s/n:3A997400 Channel:0,217286,678.459,1,OK,NaN,90.9697558,175.2316996,-0.0000000,157.025,-10.877,-311.674,0.0000000,0
1,Port 0x0A: NDI 080051  s/n:3A997400 Channel:0,217294,678.483,1,OK,NaN,90.9758942,175.1908688,-0.0000000,157.002,-10.810,-311.737,0.0000000,0
1,Port 0x0A: NDI 080051  s/n:3A997400 Channel:0,217302,678.508,1,OK,NaN,90.9770702,175.1579608,0.0000000,156.935,-10.771,-311.684,0.0000000,0
1,Port 0x0A: NDI 080051  s/n:3A997400 Channel:0,217310,678.533,1,OK,NaN,90.9636028,175.1327440,0.0000000,156.858,-10.584,-311.709,0.0000000,0
1,Port 0x0A: NDI 080051  s/n:3A997400 Channel:0,217318,678.558,1,OK,NaN,90.9796812,175.1046034,0.0000000,156.904,-10.555,-311.726,0.0000000,0
1,Port 0x0A: NDI 080051  s/n:3A997400 Channel:0,217326,678.583,1,OK,NaN,90.9683594,175.0804109,0.0000000,156.842,-10.456,-311.757,0.0000000,0
1,Port 0x0A: NDI 080051  s/n:3A997400 Channel:0,217334,678.608,1,OK,NaN,90.9664179,175.0545790,-0.0000000,156.850,-10.465,-311.772,0.0000000,0
1,Port 0x0A: NDI 080051  s/n:3A997400 Channel:0,217342,678.633,1,OK,NaN,90.9604695,175.0535409,0.0000000,156.874,-10.400,-311.741,0.0000000,0
1,Port 0x0A: NDI 080051  s/n:3A997400 Channel:0,217350,678.658,1,OK,NaN,90.9525477,175.0468882,-0.0000000,156.912,-10.482,-311.757,0.0000000,0
